temperature;wind;pressure;humidity
100;10.0;748.3696329732646;73.84919654088594
-1.2417840617459048;19.0;760.8355741357458;87.170538736683
-18.31865343847587;5.0;756.3597399534739;70.92681770497
21.094331022548914;11.0;749.4084947770607;99.22516871424438
-2.17009363711772;15.0;749.9647258919977;68.01295366706944
-2.146044204478449;20.0;760.7099287058206;76.08968683632528
29.563315581309336;13.0;754.5278391020372;83.75814053074616
11.787222904012536;1.0;745.5817510109974;88.11699582136512
2.346380448143044;10.0;759.8475628649284;76.2076816182569
;13.0;762.8109031197353;60.17961931727395
34.707756566953705;10.0;748.6083038254333;78.67116730436172
26.045778731601935;7.0;748.5371784761021;77.099473311989
30.102387570492898;11.0;743.6910378666973;72.65310491057977
-16.407373801580782;15.0;758.6367295304425;87.46349808395671
15.027340941313206;1.0;758.8641620425367;87.18109185557164
20.092124597138724;1.0;743.9961351057513;93.76003883455431
17.419277200015046;1.0;754.8849494620085;76.92038717775986
-21.655600005487056;13.0;760.2966492651557;73.29805817851192
7.340292400005927;13.0;750.4104701497196;86.72325861298833
7.108473246876178;6.0;758.1273460610479;66.63339909071297
-33.21508385080632;14.0;744.1016027807875;76.59300841700475
-37.27017433549557;12.0;758.5954007111767;89.19673897235957
-16.625068383421088;6.0;754.59023922127;73.09527231431609
-10.285488893366042;10.0;744.331621034769;80.99345177056003
-9.787511257541047;19.0;759.734896344261;70.33050724679181
-6.243493356765119;3.0;753.433261736154;91.24522195580533
16.235192408212722;9.0;745.9193862395979;86.90504087022437
-16.143639078843588;9.0;751.028829534773;73.18373962220396
22.948407369954282;4.0;762.0624680283911;76.14372119313076
12.78480848820939;6.0;743.4309807727228;78.4751610305294
0.7353862067455346;2.0;755.704091762252;85.05820942085543
7.702041964636851;5.0;748.8446429539556;77.28199537045884
-2.105880161665985;3.0;762.1817709939213;87.08605222070427
3.7651207337208223;14.0;747.5186445244179;83.80390325438344
-17.335106490061108;15.0;752.5016058391363;75.37100124018647
-3.4881729274148716;18.0;756.615753689146;89.40738231742736
-7.426073790755257;4.0;749.3279573181289;68.11839269259275
-14.407857004889099;8.0;761.4817102567487;79.9364495396489
9.301431809062237;19.0;750.5984400614907;77.00382499258285
-6.734094813947781;11.0;751.0197962968113;67.65940730190917
8.3904935574638;-33.0;752.1388857672943;74.13671114689956
-7.344671886305308;20.0;744.3843192975922;64.98696606117643
0.6922682887011967;12.0;756.999700745985;83.22350192616979
-15.152216281716521;1.0;751.1803397309259;71.95339925438893
-0.971783629630115;13.0;750.4761696530185;60.665781167638535
-6.880398966179949;15.0;749.5417139217196;89.43171615865808
28.586594618885805;7.0;757.9777384576504;92.28124312155555
28.131309920855184;16.0;762.4040231557661;98.105604861358
-3.237289951373369;15.0;762.0504831100719;76.63625387141346
-29.29249381495162;7.0;755.5890003554853;68.85226644097605
15.148596336383601;15.0;750.1106382874474;93.59728458197955
18.913992631272507;10.0;762.551570361742;73.94182229014206
-4.679499520806333;14.0;748.5485421602433;69.1423047281373
-4.5535745633285885;0.0;751.4564328216536;77.80851683620168
-14.465944135525683;13.0;755.4329124243486;88.38795824183646
7.867784657897252;11.0;748.5947532521428;77.39670762273583
-7.385318291769847;2.0;756.3628390891622;83.1019277247526
-2.438322022450223;10.0;747.6086208060482;91.35555483808093
16.522439246719877;20.0;753.6771240244325;
33.257588050304065;9.0;746.2468908584958;68.04023134367881
-26.717354076068347;9.0;749.563493306219;89.44259788105254
15.51044042167856;9.0;757.3584425055143;82.07034664574589
-17.15773659875747;9.0;757.0041528388867;74.29250836364207
-16.90451635036871;2.0;744.6948778890679;84.59580627331815
-4.681378469825279;1.0;761.7616677430813;77.89298365941055
-25.313229523227566;17.0;761.6042098504148;81.89805632917047
4.994494067488949;6.0;761.0151152061292;71.4464452680143
14.045302668938078;10.0;748.7557803776946;84.35376554177992
21.644091592341095;9.0;758.8622926962032;73.45790141266028
-13.977357966584275;7.0;762.886039285435;87.36920612535404
-24.147708655280134;18.0;759.2419492954198;71.26093106940124
;11.0;751.737183622255;95.76746510585005
-5.779424447244999;5.0;747.2756589934507;80.03049529790248
-32.12398002971226;20.0;757.1494521103006;78.56907950931523
-2.4375846685738285;0.0;761.0521850707178;65.12584656069126
34.04078021100395;3.0;744.349237459051;61.568255627031064
6.064673431966198;19.0;744.7914577555586;87.75291816939936
-19.392117654337014;9.0;743.2050841658524;77.46100700886299
2.1551247168258976;6.0;746.4517221922359;67.42795509562117
2.982427633199532;12.0;755.3580618535459;100.44811318529014
20.742765198969316;9.0;757.54186663662;85.35054495349293
36.30279518324004;17.0;762.3052116531277;88.27711752720398
-5.502552428358539;0.0;761.3708209632177;106.25723980134202
-16.071459916281167;0.0;748.4379082166442;80.28676098262434
27.108639241762468;14.0;746.4988796630213;82.82781234678761
13.64956341399334;0.0;744.3347556055296;76.50855238859317
-1.2299651996354475;10.0;745.7740734301786;84.83881626289696
2.4581768240432584;2.0;756.7020624123642;72.50998245026776
-19.42372045629085;;755.1766241757635;77.13262718480033
7.79287643029576;0.0;757.5885137378183;76.12338427160581
-21.689797336328425;1.0;753.6835629453607;83.84641020147448
-22.811185606166553;6.0;754.208083350999;77.79159217377173
12.02488094274985;13.0;;80.83751473387154
-3.989441365370468;11.0;756.9732565826594;61.13541800405569
8.355721660158883;9.0;743.3457785706858;81.55228784143122
-1.7063842916460812;18.0;754.9866787151518;71.88747070282479
29.74787971259238;4.0;750.0200710089723;79.91145186311101
-10.211344990282196;16.0;749.3505138766168;97.59821231493987
-3.888828251743606;19.0;749.7228035758509;86.64392511817206
9.833299813283446;7.0;754.4874711994614;92.64255136394068
-9.67960442545978;16.0;61.161355575402254;83.63824046892405
-14.557673127928897;4.0;746.0341161455474;74.3483884425013
-28.68136560336019;4.0;761.4530850221556;85.27999489204649
-7.368895067132875;0.0;762.2494007737238;90.28834937482601
8.786268794435578;20.0;750.1690756024399;
1.0442938603707113;9.0;748.3955258745615;88.11735773581235
1.466795871145263;15.0;750.0855693689073;87.54529341626927
-11.613454154059808;17.0;751.6427799151684;78.0539870289355
6.098264638297398;1.0;745.1446870524086;85.50138729528427
-31.497126884530854;20.0;747.4786369194646;79.86859820759591
26.253585130858383;7.0;748.4510153753946;88.17753079577349
1.0247458407117562;13.0;754.9030735085815;84.39694724080498
-9.015269720396555;7.0;743.6222052039582;91.58945218980969
7.011452947262102;1.0;748.4013309633193;89.80143142241523
-12.947523764627714;2.0;755.1604742999248;88.95196199556841
-11.48480083505574;8.0;747.1009737049441;81.07147267207839
0.011060615430450043;9.0;747.3516701801314;84.33276755445557
13.750563930065878;16.0;761.1999019282756;78.84844309863192
8.02536964048146;7.0;754.8608460316797;86.25231216476082
-24.04635485186067;16.0;755.1781412690852;91.58974281715035
10.761393442737726;16.0;745.8980814568091;89.71703706352712
-31.948926818184304;1.0;761.719662370592;
9.108560399362384;5.0;753.8332519118908;83.6915335980612
-41.162500607807004;14.0;752.3623064351023;78.62165359893099
-8.633747879001243;3.0;753.1144378835835;75.2325914012275
-1.051981290626838;;755.6764810790111;75.91097779646049
-3.1342820379634913;7.0;759.548967582029;82.63567090133903
14.718355987041576;;752.7486850956359;73.02844661054247
-5.915122592968975;4.0;749.8886722193283;80.33913783875246
1.9403034300388053;2.0;755.1806554459043;70.13137375824115
-18.30826501714151;8.0;745.1558852140031;56.929418159509005
-23.81834691279957;8.0;758.6104835969101;83.21113107752423
-3.295968786041584;15.0;759.3908706098935;90.70519804002052
-2.6818207300852546;18.0;760.1161859147093;73.57088983281915
-44.066240957345286;-27.0;758.8760080409037;88.10663727764508
-8.72319323097357;20.0;760.7272740065297;61.13768832694868
65.31142148277509;20.0;744.3877336434141;89.82824385758032
32.1104572140314;8.0;761.9940223105309;74.21926855220566
9.229853859964566;10.0;753.0533573165285;55.601993814905825
-29.44717997084368;3.0;755.2883487513775;82.13960593969232
15.599920947230899;18.0;743.046477828184;80.1554410358826
-0.7372477682459506;12.0;751.043423818411;
8.456724760371063;16.0;757.200842260097;89.10176936059678
-0.1274502439804991;17.0;745.4940427164387;71.1144262864877
0.560611796985101;15.0;44.16699969367621;73.7774005852797
9.216395969586499;15.0;760.5679501856088;90.1970923026154
21.99781010925935;8.0;762.5681224389164;85.95901012338145
-4.683297183788426;16.0;760.5559225797198;77.94039028888926
20.47432556684725;0.0;750.2752474912703;97.53360928907009
8.182090619704226;3.0;751.1165805066282;93.34668646314174
3.6095081802684312;19.0;747.8906584463195;81.74668309655803
19.273655290386856;4.0;754.3083771954533;82.5407344343981
-18.40235661384452;14.0;55.87312785806903;78.8574933067551
3.8065924160947207;8.0;749.369476941855;82.69912702398406
0.05201873970329887;4.0;746.5929653388274;79.05565820578997
-2.2762223542601934;18.0;750.1515917220177;68.80758377201981
-6.607189900826277;14.0;754.0542945079628;70.82303428279208
-36.95750894785394;10.0;758.6382997266759;84.27081464139121
-19.45156182400719;0.0;747.1851824762932;84.32306522694145
5.20337892906084;10.0;746.2419986644384;94.75669723422433
-13.946683115688415;19.0;750.4865902640863;16.874479000042548
10.568928526684074;8.0;744.8533739528093;70.25723628349445
47.18187568717234;17.0;748.5985836000115;87.98504472821857
3.5113058940771236;;744.1373130287014;86.34119319104516
-0.3162587654042588;17.0;749.2953133360072;91.46032381029335
19.314921201614787;2.0;759.5148362531406;72.94945859235193
-4.838453882827426;14.0;759.0056221824597;77.87002616009315
2.6781593054242347;10.0;758.6987039089736;67.70148558662711
-14.779617040376856;20.0;752.6852360063903;86.3892897262161
23.447905776603825;14.0;744.1999406355361;76.75516020220668
35.492986414911044;12.0;762.103814613675;77.01697759045243
109.68781020929244;19.0;762.8273114067993;73.82177043471933
9.611062796200322;3.0;756.8302274944132;81.36466759027428
28.556868855147695;8.0;749.4659759876214;66.39690094902691
-17.52736128649921;18.0;762.747519154502;95.75656124002059
-22.652465149228235;12.0;747.2676871565969;89.60860288396441
-22.715873354821163;19.0;754.8474397486876;81.29782518999228
-22.458625336753745;19.0;759.549693202476;88.69183134994557
28.709246262044434;1.0;759.6610039544571;87.30991001076664
16.40700647238992;17.0;743.8742413813828;88.65655101919465
-2.6820211471386197;1.0;749.7411366207983;90.51438381793523
-2.406360262755121;11.0;748.9289791569314;76.70545489531823
-12.697544413710126;2.0;757.8202668212276;71.08440644771417
-14.155015364710259;4.0;760.3758237940804;76.58194049832096
20.3835669096437;11.0;747.6013229238131;83.28613322187982
-30.358273399613537;5.0;747.0215155854323;76.13209797837982
3.122002464942071;14.0;750.7996888166397;91.99623907764867
-3.5611740525550593;;751.5958046566178;65.37887780015159
33.261550409426775;5.0;749.3707716714812;76.8913714250495
-33.830822272470805;2.0;747.6017809341874;76.54008844350834
-25.051473041010198;15.0;761.1789106043509;63.14873410080574
-7.136990943064276;13.0;744.6236594297828;75.19775972291059
-0.3184422803780146;10.0;759.2614278028026;89.71672588394193
-10.708872440884447;19.0;752.276352389035;61.52876475849877
-41.60749353555511;6.0;750.725684631317;85.08075887567036
-2.9793769650788926;8.0;758.9266869266618;71.70013279542965
-41.691908260070264;2.0;754.9267359998234;81.22056169708974
-13.323009504114825;4.0;759.5481924049162;57.72128276374937
13.410464579948036;10.0;747.218100307169;82.07819179361655
-24.161983267226685;11.0;744.2192274783359;79.45080495071075
-7.271218342042244;7.0;762.6002315781792;88.1157354979919
-6.892848643457326;17.0;753.7592020985694;85.60829059310416
5.7440179590665705;7.0;750.3933223688791;83.75916703679786
-11.411001347428783;10.0;744.5027001396638;-8.24148728091885
-4.7910359397214455;1.0;754.4778842071127;76.39995687673633
11.765301951131137;15.0;757.7042227888485;80.2560464933646
71.03804525928345;16.0;743.9483563676062;71.00991070477404
-15.47894049965256;2.0;747.058377982933;65.99809382168397
22.750069113958634;11.0;750.1964695439177;90.02037499581604
18.771572100831484;14.0;747.2864319911866;72.35984555529703
-4.232601255780736;3.0;751.1326171805184;70.74974513151237
2.9730443291763042;13.0;759.4958134340764;70.12835205664616
1.88541466792036;5.0;745.9977003764031;90.59566152594891
21.342269731073806;4.0;745.3716268040289;69.20877852463488
-30.90783970784425;5.0;745.3798334390146;68.93677477398975
56.923509881417175;15.0;746.3549292437509;85.78306779128557
-32.541302186515054;8.0;747.3665859510573;76.29390660383751
-12.149978878799306;15.0;746.1965442729959;85.35495216703173
16.576799739702054;5.0;750.2763378442584;77.86655252143363
-6.687238956383838;3.0;746.202670751661;80.15720677350286
10.448397241933911;9.0;745.9667295896473;73.59503179709573
17.59109125036496;18.0;759.1262315602379;59.86519460446879
-20.471440631745743;20.0;758.3138489809767;90.41823904678716
8.870301102295516;1.0;756.3884571814397;84.98418734602879
-14.21808939819213;12.0;750.8761478531098;83.19983808496961
15.075345000162752;14.0;749.1971783934245;94.32211618882393
-5.552146146073077;13.0;750.1939630464377;85.88419872682036
-28.823893022098797;0.0;749.3794711928389;77.29832564265773
-17.045380219448816;13.0;756.8340258165969;93.28860139218415
49.87895734227266;4.0;753.4013731628503;76.03506220142785
-16.82397797296034;17.0;753.4871735513748;92.18173624932754
15.436940425091851;3.0;751.7141253904456;71.23989753924513
-63.35938823900353;5.0;759.8611415282571;74.63587308068175
-8.405598015889792;8.0;756.7495154115275;98.33790165517308
4.648271430563138;14.0;753.0191824879583;75.5313674809434
-4.964676257021098;11.0;761.0658616437061;81.20258868359463
-15.110154571807612;13.0;745.6505533707145;91.3046206277249
-0.725136061089327;9.0;749.6275070591437;71.13863386800412
-26.36848146550609;9.0;751.8578784495311;67.30243233266967
-9.707474845411147;4.0;759.5191698847633;77.37075856388749
21.784440603505622;2.0;748.6009216498466;96.33969872334285
-23.047005613350677;0.0;752.9228440353052;99.66070883057384
-26.79065037043181;11.0;760.8904963859562;71.8035944086283
17.39743128499359;0.0;757.7985641645164;78.23066487736524
18.31680653604163;16.0;748.705189077728;80.78050745319005
-7.401153576648708;18.0;758.1528073514;72.13772280534882
0.764325848338761;13.0;762.7627494251875;92.46380665945256
13.095382759605478;12.0;751.3506846649184;62.416161394025146
-11.688185683121228;7.0;760.0300846231664;80.43154182145612
-38.292876305899476;1.0;755.369520763403;78.16954520523329
16.652366546331926;6.0;743.604832310536;89.49775155864594
15.375671067964733;12.0;749.4708463468988;76.45110485863341
14.592853070716949;17.0;757.2246978274804;82.99811166435144
-31.023028391767053;7.0;761.8502841785935;86.32862304871044
6.79059976782463;-10.0;749.993194777727;85.53988894089547
-9.050045851032102;8.0;752.3342565336917;87.4336907083692
-3.4471959832516212;14.0;755.218596454006;75.95141699549201
2.572186130632874;18.0;757.0304855809303;74.09666159235935
15.460067828755566;13.0;743.4178378178466;65.32021244104024
;18.0;761.7807481250769;64.83767127790429
0.3232392255465837;17.0;750.4727051299924;85.48005835575351
-10.528200925055149;15.0;758.7965206347376;74.90777931886029
16.924729595544633;0.0;758.9537325871546;84.35881281315878
-23.767556757756417;10.0;754.6527055342929;84.32110390478883
-11.961119511404771;16.0;759.650125008359;82.38044772805505
4.3474689745753805;6.0;755.491662308964;87.04127052146245
27.390334991158774;9.0;754.6663574449269;71.98661450504333
45.079350041268285;14.0;745.7801632139068;91.54583361763771
-24.578915220029018;18.0;756.4062636196784;70.81172588557061
4.736421176197754;4.0;755.3321689597959;85.25388953242772
7.2151341138555285;12.0;751.7667170951538;79.32487208768573
6.3288980405911825;2.0;760.398727560614;78.84109757228686
-21.329858148423213;3.0;747.4456501954445;88.43521872657846
-21.796680344433746;4.0;745.3257069406407;92.42975219292033
39.00227142798602;2.0;752.4086638576854;74.11020179682426
7.5442257322476465;0.0;747.1533829627357;91.86073196896749
-6.396200207698078;4.0;746.961266267971;89.77752149961415
-4.215738602382628;18.0;743.6186131418648;79.36218790704774
-21.141009965603065;9.0;746.4000666525676;83.5623493682344
-9.857125343422993;13.0;744.1111061982817;88.61189186081154
0.7415846876047811;3.0;744.6239760172217;85.47262725109738
10.685159056055538;15.0;744.6297080123001;76.46557755975483
2.853365551258473;7.0;756.3941017376508;63.223842950607924
-4.934098914770411;19.0;761.8344812563319;81.6562563916498
-4.6602765735041505;5.0;756.3487470007784;58.763812527031035
0.8626991007176628;0.0;762.8253762466408;67.59628394229848
-23.07614121980545;6.0;761.9115079635883;-1.1551571370260798
-15.825066896580996;0.0;745.9589724254402;96.08659381387417
16.924370683332878;9.0;758.2801916937427;97.25478300689791
3.910945224664725;15.0;745.643327657771;92.01026979412313
0.18938848746524334;12.0;743.2342454468361;75.67861533558313
-20.142246914586455;10.0;750.5878340830416;36.90962557569436
18.87941562817424;0.0;762.5187312825607;81.2696825794855
4.868192524154894;3.0;754.5669498143172;94.36397076677393
-41.27398480339718;3.0;757.7179541914296;83.15897934864128
-19.78705334276591;16.0;748.6623601751022;90.65453844045878
-0.6799243662175863;20.0;750.1187437638855;79.50300097378063
18.641202156552886;7.0;761.6595017728985;76.07548059641292
7.8881359047687605;14.0;762.6413553057547;93.28831924149112
-26.476438454615028;13.0;762.5773502509858;78.82128659716435
-1.490486182572697;11.0;761.8801241892303;66.95555796009694
6.241807269317762;18.0;744.3557292132764;78.58620136899586
11.047562796198733;1.0;750.3087385611101;75.86390636131573
-10.76265556686469;9.0;752.9746245245099;85.95346651673336
15.171297578992831;16.0;756.5238892158463;76.4855755190523
-1.8135906452187927;10.0;754.673292188593;87.48125822541104
-7.201855798712762;10.0;752.4496328521232;59.63666632270341
-36.79611828901823;9.0;754.177848625138;86.24489672354865
15.233046284611287;8.0;752.5723224836001;86.65644912278881
-3.3420504827628554;2.0;756.0582196805369;93.6242182739748
27.36736619747962;7.0;754.6526780724546;77.44077133830207
7.807998642812767;19.0;743.447467308891;76.53911772329063
-3.7743114566065876;1.0;743.2545049284344;91.77798800185677
1.5316800910117478;10.0;745.3005649352352;69.39702093304433
-4.950930470107867;6.0;762.489502836991;105.32202472374539
-16.165917943392685;7.0;757.0102800401261;92.30570558810832
3.193143995229573;7.0;758.8302574953276;70.15759223910499
-33.76273705159745;9.0;755.3484535289286;91.75252455693669
20.702590574387358;16.0;746.8279638019479;80.3052049013262
-15.174007071644255;1.0;745.6286495828255;104.47884396582786
32.61264557811335;9.0;745.8095870415342;73.69729317849055
-2.067316717019863;10.0;;91.84998432783782
-32.75005723004466;3.0;756.4713226911095;70.56939545469537
2.3412357187895987;18.0;50.762379534017384;57.66532235110216
-18.79939674423288;11.0;759.2095573223745;73.71126132681755
-1.2525151677717896;6.0;745.4085025984372;77.03999908152937
-25.039829883738737;17.0;761.1965190491093;79.69197115385177
13.57859159225404;6.0;761.4597106104451;79.65731260129972
2.5799944436618993;0.0;762.0100758849844;63.30497403817928
40.94952999181294;13.0;746.0665746664475;80.14396848745929
-9.155287791939491;20.0;756.7645353759887;58.523754756040944
-7.403835759879801;1.0;762.5115742254765;85.88525039971259
3.7493712412242477;13.0;749.5290455872525;71.83030648329412
48.30574095896758;8.0;747.9962503698963;74.97250130289929
-18.34306292985039;10.0;750.8927748572361;97.61611599584413
37.509893202370876;14.0;748.9497671245812;
-1.0328481717824651;7.0;758.032853499338;76.49394729867673
33.7092469136324;12.0;752.316951691821;76.97298077078172
17.415740238843348;13.0;762.4107845155005;74.83068340130349
8.564025341522411;6.0;761.5208565124728;82.7614775752977
-35.53111042672412;7.0;755.3600592001657;70.07811418514869
-5.666012879211793;5.0;760.2342189399184;86.90463086867585
-3.7817512036125227;14.0;748.2224895491089;78.97160571371326
-10.49999161443611;14.0;755.2652417869358;87.96890271356828
1.5186892802848349;15.0;752.7654518660939;77.18014969175712
-10.996900017340202;9.0;756.7656639851243;57.50445296592572
-25.79006313945306;9.0;752.7780943407544;81.31612812775572
31.199967239961378;5.0;754.5045100995802;82.29914777404962
-1.6701808098952418;8.0;744.7521013745034;80.41024665832109
22.004953587026428;6.0;751.1820987515773;88.94627789864289
-3.528429050456671;15.0;757.8823401918476;75.05185071855563
-37.254491741633004;10.0;751.4826753648074;76.94609935420605
7.514751830226444;15.0;755.6925630649522;79.21688206261693
11.590113054526462;0.0;754.3756384906558;85.7738713593122
-8.121391268649138;1.0;746.2078088235983;92.14241814259563
24.774266481865126;10.0;758.2395412578525;71.09764081809348
4.212529041086076;-11.0;747.4780082936702;78.95699055214833
-29.265986594025335;11.0;744.9206022326433;10.123971358539197
15.12809131053084;15.0;755.3101353285023;92.43017500891558
5.228411072349212;4.0;754.3560040487224;83.95868332985984
-47.08061987738305;5.0;753.2857128128197;80.1771643709213
-0.4254687621772252;9.0;748.7701961060562;80.07841438575608
-27.489649410466722;7.0;744.002578284055;91.7593075041304
-9.977243603259073;4.0;761.3076313212141;85.62669920546513
23.52740706114783;0.0;750.1073148742066;74.87905232907971
-22.88946838398397;11.0;757.0447818716467;84.87229258926749
15.938886725585586;6.0;754.607385781103;42.36084299107556
-2.6784820509126734;20.0;743.0641050714504;74.56241860448881
-41.09818985601035;6.0;750.2846125428185;
-22.921736733616072;20.0;761.9142468308967;96.37939061933267
5.388493406165825;19.0;743.4889773597822;68.18113466652923
-16.375264804219402;10.0;750.5428883587833;79.6497950840121
-11.593507523242746;5.0;752.7693601235053;81.44113857517486
29.166194156867036;8.0;744.5163587709527;85.85886876539297
-11.067851976945926;19.0;745.6103209469272;84.65194330988584
-3.4531304201407274;16.0;749.0704538990659;80.93246781354286
-23.97083873110853;20.0;744.1918432859336;73.09708559790127
8.154881322401376;7.0;743.5816955125157;70.13312136845106
-0.318154202007871;-1.0;750.5169611888016;98.418437397711
7.9195451504656305;16.0;751.942424771086;83.75592497703467
-21.990289917511355;1.0;62.000866090970405;100.20940792379578
13.666814837514913;1.0;744.339583548312;90.84409382252205
20.877981172424004;15.0;759.7714635237325;95.1341947107254
;1.0;752.828959943029;81.83396292863594
20.99727162715137;10.0;762.6347252055755;92.305227728059
-37.00923033351265;8.0;743.7772518461802;79.65792272163498
5.085731177592164;12.0;756.2516557120683;86.37216678660508
2.4106261573760097;20.0;746.740820680876;80.1673360494691
28.79130894910611;19.0;750.3994882973636;66.20023665948848
-33.746707740943755;11.0;748.5070156821909;78.0873255202367
-14.37093430782874;11.0;760.0867385024658;90.07965994839667
12.090648999930039;18.0;752.821717206923;65.28163635233722
-7.143245641222343;6.0;760.3537784947899;61.49438143332969
6.281003797371122;5.0;759.4251138556232;80.15240807471562
-2.252915741524838;8.0;760.7234222185687;87.71078652294612
-6.9431292269008535;11.0;752.2971714442074;64.70008378789522
2.3933628817347925;20.0;757.3282882094848;85.88358469663831
-19.508318178353797;18.0;752.0285097134102;71.33932555326166
-10.472639135820724;15.0;747.268497342178;5.237107571187475
1.1285735680585847;5.0;757.3775032991628;83.62726195280814
9.388428145146321;15.0;747.2694691668213;86.19160849209
16.65599550280586;7.0;760.4912054063775;70.50399253169954
-30.902397194336366;10.0;747.5606927964963;93.09951848272247
4.165696169038669;18.0;744.5821985005656;76.78062845003258
-1.8582472870670663;16.0;756.4223586925467;72.89484179746384
-18.548142780290057;10.0;758.3030872952977;89.11667915959988
16.480173817769852;15.0;754.2704013866523;80.33230353622668
23.67518915579557;15.0;750.1085195853319;70.61507768942211
-27.54814268952195;13.0;749.7780919012896;73.51201214068406
-3.0252592906265234;5.0;752.0303908707855;75.19986996714825
21.657892742217555;1.0;745.4010260665269;53.97867194873786
-1.8334333075009492;19.0;761.2222417801408;86.2505781982931
-22.795053065036726;17.0;762.62763811333;78.8901351603021
11.961172277888874;18.0;750.2620126689789;62.53676823379579
31.49614607794166;11.0;760.12907582799;82.96732143688753
11.443868177943868;17.0;760.0796609800883;82.5378068825729
25.69137510765268;8.0;756.5815731561504;69.82797305104543
7.055174762658441;20.0;744.119750244452;90.62579777114567
-16.427137664899753;14.0;761.0137738466299;81.18305111416903
-32.03667065773797;13.0;743.9921086622492;83.38829230179867
5.969223374925652;10.0;758.1999464261925;85.8800204032356
-25.78606588805954;14.0;746.3029144988974;84.96790471891826
-24.723057425061672;11.0;744.6752457341686;88.35442727062853
9.584223495081902;14.0;757.2247799421338;92.30985126416357
5.897975371998797;7.0;759.6788633621173;79.12575077856239
17.0176630849656;9.0;759.7192730047135;95.46830953648116
-13.953756403647272;19.0;748.2567171267144;79.70876182549755
8.562320424320625;9.0;752.1352717518885;90.0831804390183
4.408691080887322;20.0;757.5079623010287;94.72557112950953
6.274387216558458;10.0;745.4141264164042;62.46900960133949
-10.084753593621166;17.0;751.7537735063588;68.89120231770802
29.801844626915592;3.0;756.9016173796559;76.01365962615901
-0.2386401479841402;6.0;754.7801673489196;91.26759520991706
-6.270250880577181;16.0;760.6551630839618;64.7256352641439
-17.366987688551976;11.0;759.177435082072;77.15159060115954
-5.661304030813158;17.0;746.85053777861;71.75215547952568
16.509409146289546;10.0;762.5959383558037;75.97600358928062
31.76680027158159;17.0;752.7629963057833;82.23032406227652
-26.428186650322452;18.0;745.1167769253668;65.89173858541086
54.415618149441926;8.0;755.0938370255459;87.52453582804429
7.115927598507225;7.0;756.596464977924;84.15318225071218
10.176157459896906;15.0;761.4135504400239;69.38063931104317
14.232790440543923;20.0;760.9095788903767;86.68729558644465
-10.07065262271543;9.0;762.2421500971662;67.8494412299187
;15.0;754.7535696468989;70.60248829063653
17.70408989834982;8.0;754.5449611576879;87.15623076761852
-2.9663346404318163;9.0;757.020670672953;92.3257022151056
8.151580522597698;20.0;751.8206742134337;80.2689289058895
13.297683761877002;7.0;751.6532402247269;57.53817304446578
16.56793945373073;13.0;755.9889002475297;81.91806715256706
-17.411421026200298;20.0;743.8247181380951;73.95469479884
-24.405076397813474;18.0;744.4622229913614;67.6703126928257
-4.149201218352868;2.0;760.2228365072947;65.93902996772441
-20.205928857114944;6.0;755.8390340407979;66.7218703382826
-14.960966392636472;8.0;743.1086747053874;86.59227324514401
11.325489739819812;0.0;755.960713559539;78.99841940768593
-25.06711150012284;18.0;759.3825054555493;97.44719461097634
-5.8776391984138465;17.0;762.3421627133534;84.69836079118319
-17.825013282296922;17.0;749.3233211923;90.927841985056
7.944089466178252;17.0;754.0200103887303;72.3815541173697
-8.70304334499129;9.0;749.7258003743831;84.34935225761352
28.452035060051188;5.0;761.7520458692932;60.977520354419454
2.3394189709279996;9.0;52.30996162332458;83.73003370373831
0.5553457115262365;8.0;750.8435664473094;84.8518739832545
24.68746538554875;11.0;744.6602485734782;78.17918088157498
-25.192625187622475;20.0;759.6351810626743;89.57399595206375
-23.76136211726413;0.0;757.4122647716418;84.06533718967985
-2.9296647935963156;6.0;748.1020868705282;76.19625880906356
-16.186326002013484;17.0;756.7891148984237;58.86436519399912
17.500851876506342;16.0;759.2229853438124;80.42136500191546
-16.90729744895868;13.0;753.9135383847853;80.16652993571202
0.6449390288775382;7.0;746.1535406560713;73.054524957343
;9.0;747.5346468163564;89.2485721447581
42.21580877550727;15.0;759.4026129253356;83.2276600707531
29.93867452906407;20.0;749.6062765110281;76.99127224318006
22.642225184385065;1.0;744.8636497877908;64.70986511966333
-7.057768859727933;18.0;755.0907402740196;92.81811534756358
-31.128567029394084;9.0;762.5525876916308;72.51513504921581
-26.844304966910194;15.0;758.6890467009022;84.10310289590512
25.892149537392424;18.0;762.2502624501523;93.23637598644697
1.2993801257929096;18.0;753.5153950238343;82.80121108558481
17.47560300360364;9.0;743.3694043112953;61.955671555852646
1.9975519369376595;6.0;757.715886372561;55.555821087979275
-26.1678380907465;2.0;747.6206986024414;82.34646870597192
-17.553088898953792;10.0;752.0235225983068;80.20657054531156
-13.909929686829635;8.0;753.4924145740039;82.88101637034747
47.054565753381716;8.0;757.9355915653374;81.03995155726761
11.236722092998232;14.0;745.877107183568;75.87884487227248
1.457014431656722;14.0;750.8683874106252;62.019378122789696
-8.23663779246923;17.0;751.3256188117856;80.22849533898908
-4.672350991485308;16.0;762.1066436541332;76.28511351965732
-6.188161816720024;15.0;743.8142620884399;74.88918772173595
-8.337157409278884;19.0;756.6674246763123;64.46202088031797
-1.0151031888897257;13.0;749.990849434023;59.94554453656082
-16.438443856756578;7.0;762.1016155911005;102.38362403208455
7.126800956523026;7.0;748.7713616425997;71.65629874913684
26.319033339803187;4.0;745.4419926094374;67.59944716812093
31.793331089713984;15.0;754.1166247393738;70.70411836048694
-5.8431663913611125;20.0;756.8919800312696;94.25256679330445
8.272658969259107;12.0;757.3978675298031;72.76750585175694
